{
  "association_attribute_text_color": null,
  "association_cartouche_color": "#FFF",
  "association_cartouche_text_color": "#000",
  "association_color": "#FFF",
  "association_stroke_color": "#000",
  "background_color": null,
  "card_text_color": null,
  "entity_attribute_text_color": null,
  "entity_cartouche_color": "#FFF",
  "entity_cartouche_text_color": "#000",
  "entity_color": "#FFF",
  "entity_stroke_color": "#000",
  "leg_stroke_color": "#000",
  "note_color": "#000",
  "note_opacity": 0,
  "note_text_color": "#FFF"
}
