{
  "association_attribute_text_color": "#000",
  "association_cartouche_color": "#b2abd2",
  "association_cartouche_text_color": "#000",
  "association_color": "#d8daeb",
  "association_stroke_color": "#8073ac",
  "background_color": "#f7f7f7",
  "card_text_color": "#b35806",
  "entity_attribute_text_color": "#000",
  "entity_cartouche_color": "#fdb863",
  "entity_cartouche_text_color": "#000",
  "entity_color": "#fee0b6",
  "entity_stroke_color": "#e08214",
  "leg_stroke_color": "#8073ac",
  "note_color": "#542788",
  "note_opacity": 0.9,
  "note_text_color": "#f7f7f7"
}
