{
  "association_attribute_text_color": "#000",
  "association_cartouche_color": "#f1b6da",
  "association_cartouche_text_color": "#000",
  "association_color": "#fde0ef",
  "association_stroke_color": "#de77ae",
  "background_color": "#f7f7f7",
  "card_text_color": "#4d9221",
  "entity_attribute_text_color": "#000",
  "entity_cartouche_color": "#b8e186",
  "entity_cartouche_text_color": "#000",
  "entity_color": "#e6f5d0",
  "entity_stroke_color": "#7fbc41",
  "leg_stroke_color": "#de77ae",
  "note_color": "#c51b7d",
  "note_opacity": 0.9,
  "note_text_color": "#f7f7f7"
}
