{
  "association_attribute_text_color": "#000",
  "association_cartouche_color": "#92c5de",
  "association_cartouche_text_color": "#000",
  "association_color": "#d1e5f0",
  "association_stroke_color": "#4393c3",
  "background_color": "#f7f7f7",
  "card_text_color": "#b2182b",
  "entity_attribute_text_color": "#000",
  "entity_cartouche_color": "#f4a582",
  "entity_cartouche_text_color": "#000",
  "entity_color": "#fddbc7",
  "entity_stroke_color": "#d6604d",
  "leg_stroke_color": "#4393c3",
  "note_color": "#2166ac",
  "note_opacity": 0.9,
  "note_text_color": "#f7f7f7"
}
