{
  "association_attribute_text_color": "#000",
  "association_cartouche_color": "#fdae61",
  "association_cartouche_text_color": "#000",
  "association_color": "#fee08b",
  "association_stroke_color": "#f46d43",
  "background_color": "#ffffbf",
  "card_text_color": "#3288bd",
  "entity_attribute_text_color": "#000",
  "entity_cartouche_color": "#abdda4",
  "entity_cartouche_text_color": "#000",
  "entity_color": "#e6f598",
  "entity_stroke_color": "#66c2a5",
  "leg_stroke_color": "#f46d43",
  "note_color": "#d53e4f",
  "note_opacity": 0.9,
  "note_text_color": "#ffffbf"
}
