{
  "association_attribute_text_color": "#000",
  "association_cartouche_color": "#a6dba0",
  "association_cartouche_text_color": "#000",
  "association_color": "#d9f0d3",
  "association_stroke_color": "#5aae61",
  "background_color": "#f7f7f7",
  "card_text_color": "#762a83",
  "entity_attribute_text_color": "#000",
  "entity_cartouche_color": "#c2a5cf",
  "entity_cartouche_text_color": "#000",
  "entity_color": "#e7d4e8",
  "entity_stroke_color": "#9970ab",
  "leg_stroke_color": "#5aae61",
  "note_color": "#1b7837",
  "note_opacity": 0.9,
  "note_text_color": "#f7f7f7"
}
