{
  "association_attribute_text_color": "#000",
  "association_cartouche_color": "#bababa",
  "association_cartouche_text_color": "#000",
  "association_color": "#e0e0e0",
  "association_stroke_color": "#878787",
  "background_color": "#fff",
  "card_text_color": "#b2182b",
  "entity_attribute_text_color": "#000",
  "entity_cartouche_color": "#f4a582",
  "entity_cartouche_text_color": "#000",
  "entity_color": "#fddbc7",
  "entity_stroke_color": "#d6604d",
  "leg_stroke_color": "#878787",
  "note_color": "#4d4d4d",
  "note_opacity": 0.9,
  "note_text_color": "#fff"
}
