{
  "association_attribute_text_color": "#000",
  "association_cartouche_color": "#80cdc1",
  "association_cartouche_text_color": "#000",
  "association_color": "#c7eae5",
  "association_stroke_color": "#35978f",
  "background_color": "#f5f5f5",
  "card_text_color": "#8c510a",
  "entity_attribute_text_color": "#000",
  "entity_cartouche_color": "#dfc27d",
  "entity_cartouche_text_color": "#000",
  "entity_color": "#f6e8c3",
  "entity_stroke_color": "#bf812d",
  "leg_stroke_color": "#35978f",
  "note_color": "#01665e",
  "note_opacity": 0.9,
  "note_text_color": "#f5f5f5"
}
