{
  "association_attribute_text_color": "#000",
  "association_cartouche_color": "#abd9e9",
  "association_cartouche_text_color": "#000",
  "association_color": "#e0f3f8",
  "association_stroke_color": "#74add1",
  "background_color": "#ffffbf",
  "card_text_color": "#d73027",
  "entity_attribute_text_color": "#000",
  "entity_cartouche_color": "#fdae61",
  "entity_cartouche_text_color": "#000",
  "entity_color": "#fee090",
  "entity_stroke_color": "#f46d43",
  "leg_stroke_color": "#74add1",
  "note_color": "#4575b4",
  "note_opacity": 0.9,
  "note_text_color": "#ffffbf"
}
