{
  "association_attribute_text_color": "#000",
  "association_cartouche_color": "#a6d96a",
  "association_cartouche_text_color": "#000",
  "association_color": "#d9ef8b",
  "association_stroke_color": "#66bd63",
  "background_color": "#ffffbf",
  "card_text_color": "#d73027",
  "entity_attribute_text_color": "#000",
  "entity_cartouche_color": "#fdae61",
  "entity_cartouche_text_color": "#000",
  "entity_color": "#fee08b",
  "entity_stroke_color": "#f46d43",
  "leg_stroke_color": "#66bd63",
  "note_color": "#1a9850",
  "note_opacity": 0.9,
  "note_text_color": "#ffffbf"
}
