{
  "association_attribute_text_color": "#7F5D3B",
  "association_cartouche_color": "#CE9F6F",
  "association_cartouche_text_color": "#7F5D3B",
  "association_color": "#E2BE9F",
  "association_stroke_color": "#896C39",
  "background_color": null,
  "card_text_color": "#5C4827",
  "entity_attribute_text_color": "#645530",
  "entity_cartouche_color": "#FAA945",
  "entity_cartouche_text_color": "#645530",
  "entity_color": "#FFB94E",
  "entity_stroke_color": "#CB7E1F",
  "leg_stroke_color": "#4C3D30",
  "note_color": "#18180B",
  "note_opacity": 0.7,
  "note_text_color": "#FFFFD0"
}
