{
  "association_attribute_text_color": "#57483d",
  "association_cartouche_color": "#c6aea5",
  "association_cartouche_text_color": "#422f2c",
  "association_color": "#d3b5b2",
  "association_stroke_color": null,
  "background_color": null,
  "card_text_color": "#57483d",
  "entity_attribute_text_color": "#57483d",
  "entity_cartouche_color": "#cbcbb5",
  "entity_cartouche_text_color": "#422f2c",
  "entity_color": "#e4e3b4",
  "entity_stroke_color": null,
  "leg_stroke_color": "#57483d",
  "note_color": "#0F0F0A",
  "note_opacity": 0.7,
  "note_text_color": "#FFFFD7"
}
