{
  "association_attribute_text_color": "#060100",
  "association_cartouche_color": "#081a84",
  "association_cartouche_text_color": "#fefeec",
  "association_color": "#fefeec",
  "association_stroke_color": "#060100",
  "background_color": "#fefeec",
  "card_text_color": "#060100",
  "entity_attribute_text_color": "#060100",
  "entity_cartouche_color": "#c6281b",
  "entity_cartouche_text_color": "#fefeec",
  "entity_color": "#fced5f",
  "entity_stroke_color": "#060100",
  "leg_stroke_color": "#060100",
  "note_color": "#066A6A",
  "note_opacity": 0.85,
  "note_text_color": "#FFFF22"
}
