{
  "association_attribute_text_color": "#607734",
  "association_cartouche_color": "#b2bba4",
  "association_cartouche_text_color": "#27360c",
  "association_color": "#ccd6ba",
  "association_stroke_color": "#85956b",
  "background_color": null,
  "card_text_color": "#726f83",
  "entity_attribute_text_color": "#3e3c42",
  "entity_cartouche_color": "#97b8ff",
  "entity_cartouche_text_color": "#131114",
  "entity_color": "#c0d4ff",
  "entity_stroke_color": "#578dff",
  "leg_stroke_color": "#726f83",
  "note_color": "#060707",
  "note_opacity": 0.7,
  "note_text_color": "#E2EED0"
}
