{
  "association_attribute_text_color": "#3d484a",
  "association_cartouche_color": "#9ebd6d",
  "association_cartouche_text_color": "#3d484a",
  "association_color": "#c3dbbb",
  "association_stroke_color": "#8ea243",
  "background_color": null,
  "card_text_color": "#2f494e",
  "entity_attribute_text_color": "#1b5343",
  "entity_cartouche_color": "#7ecb9a",
  "entity_cartouche_text_color": "#1b5343",
  "entity_color": "#a6efb3",
  "entity_stroke_color": "#387252",
  "leg_stroke_color": "#476062",
  "note_color": "#0A2019",
  "note_opacity": 0.7,
  "note_text_color": "#E3FFD9"
}
