{
  "association_attribute_text_color": "#FFF",
  "association_cartouche_color": "#000",
  "association_cartouche_text_color": "#FFF",
  "association_color": "#000",
  "association_stroke_color": "#FFF",
  "background_color": "#FFF",
  "card_text_color": "#000",
  "entity_attribute_text_color": "#FFF",
  "entity_cartouche_color": "#000",
  "entity_cartouche_text_color": "#FFF",
  "entity_color": "#000",
  "entity_stroke_color": "#FFF",
  "leg_stroke_color": "#000",
  "note_color": "#FFFF00",
  "note_opacity": 0.9,
  "note_text_color": "#000"
}
