{
  "association_attribute_text_color": "#ffcf00",
  "association_cartouche_color": "#fd0400",
  "association_cartouche_text_color": "#ffcf00",
  "association_color": "#fd0400",
  "association_stroke_color": "#ffcf00",
  "background_color": "#d30300",
  "card_text_color": "#ffcf00",
  "entity_attribute_text_color": "#ffcf00",
  "entity_cartouche_color": "#fd0400",
  "entity_cartouche_text_color": "#ffcf00",
  "entity_color": "#fd0400",
  "entity_stroke_color": "#ffcf00",
  "leg_stroke_color": "#ffcf00",
  "note_color": "#535300",
  "note_opacity": 0.7,
  "note_text_color": "#FFFF00"
}
