{
  "arrow_axis": 8,
  "arrow_half_height": 6,
  "arrow_width": 12,
  "association_attribute_font": {
    "family": "Gill Sans",
    "size": 15
  },
  "association_cartouche_font": {
    "family": "Copperplate",
    "size": 18
  },
  "attribute_text_height_ratio": 0.65,
  "box_stroke_depth": 1.5,
  "card_baseline": 3,
  "card_font": {
    "family": "Futura",
    "size": 11
  },
  "card_margin": 5,
  "card_text_height_ratio": 0.85,
  "card_underline_depth": 1,
  "card_underline_skip_height": -2,
  "cartouche_text_height_ratio": 0.85,
  "dash_width": 4,
  "df_text_height_ratio": 1.1,
  "entity_attribute_font": {
    "family": "Gill Sans",
    "size": 15
  },
  "entity_cartouche_font": {
    "family": "Copperplate",
    "size": 18
  },
  "inner_stroke_depth": 1.5,
  "label_font": {
    "family": "Futura",
    "size": 11
  },
  "leg_stroke_depth": 1,
  "line_skip_height": 0,
  "margin": 9,
  "note_baseline": 24,
  "note_font": {
    "family": "Futura",
    "size": 16
  },
  "note_overlay_height": 40,
  "rect_margin_height": 6,
  "rect_margin_width": 8,
  "round_corner_radius": 14,
  "round_rect_margin_height": 5,
  "round_rect_margin_width": 7,
  "underline_depth": 1,
  "underline_skip_height": -3
}
