{
  "arrow_axis": 12,
  "arrow_half_height": 9,
  "arrow_width": 18,
  "association_attribute_font": {
    "family": "Skia",
    "size": 18,
    "weight": "bold"
  },
  "association_cartouche_font": {
    "family": "Skia",
    "size": 20,
    "weight": "bold"
  },
  "attribute_text_height_ratio": 0.85,
  "box_stroke_depth": 5,
  "card_baseline": 4,
  "card_font": {
    "family": "Skia",
    "size": 18,
    "weight": "bold"
  },
  "card_margin": 8,
  "card_text_height_ratio": 0.85,
  "card_underline_depth": 1.2,
  "card_underline_skip_height": -3,
  "cartouche_text_height_ratio": 0.85,
  "dash_width": 2,
  "df_text_height_ratio": 1.0,
  "entity_attribute_font": {
    "family": "Skia",
    "size": 18,
    "weight": "bold"
  },
  "entity_cartouche_font": {
    "family": "Skia",
    "size": 20,
    "weight": "bold"
  },
  "inner_stroke_depth": 5,
  "label_font": {
    "family": "Skia",
    "size": 18,
    "weight": "bold"
  },
  "leg_stroke_depth": 5,
  "line_skip_height": 1,
  "margin": 25,
  "note_baseline": 32,
  "note_font": {
    "family": "Skia",
    "size": 20,
    "weight": "bold"
  },
  "note_overlay_height": 50,
  "rect_margin_height": 10,
  "rect_margin_width": 10,
  "round_corner_radius": 2,
  "round_rect_margin_height": 10,
  "round_rect_margin_width": 10,
  "underline_depth": 1.2,
  "underline_skip_height": 0.0
}
