{
  "arrow_axis": 8,
  "arrow_half_height": 6,
  "arrow_width": 12,
  "association_attribute_font": {
    "family": "Trebuchet MS",
    "size": 14
  },
  "association_cartouche_font": {
    "family": "Trebuchet MS",
    "size": 14
  },
  "attribute_text_height_ratio": 0.85,
  "box_stroke_depth": 1.5,
  "card_baseline": 3,
  "card_font": {
    "family": "Verdana",
    "size": 12
  },
  "card_margin": 5,
  "card_text_height_ratio": 0.85,
  "card_underline_depth": 1,
  "card_underline_skip_height": -2,
  "cartouche_text_height_ratio": 0.85,
  "dash_width": 4,
  "df_text_height_ratio": 0.9,
  "entity_attribute_font": {
    "family": "Trebuchet MS",
    "size": 14
  },
  "entity_cartouche_font": {
    "family": "Trebuchet MS",
    "size": 14
  },
  "inner_stroke_depth": 1,
  "label_font": {
    "family": "Verdana",
    "size": 12
  },
  "leg_stroke_depth": 1,
  "line_skip_height": 2,
  "margin": 9,
  "note_baseline": 24,
  "note_font": {
    "family": "Trebuchet MS",
    "size": 14
  },
  "note_overlay_height": 40,
  "rect_margin_height": 5,
  "rect_margin_width": 5,
  "round_corner_radius": 14,
  "round_rect_margin_height": 5,
  "round_rect_margin_width": 7,
  "underline_depth": 1,
  "underline_skip_height": 0.0
}
