{
  "arrow_axis": 12,
  "arrow_half_height": 9,
  "arrow_width": 18,
  "association_attribute_font": {
    "family": "Arial Black",
    "size": 14
  },
  "association_cartouche_font": {
    "family": "Arial Black",
    "size": 14
  },
  "attribute_text_height_ratio": 0.5,
  "box_stroke_depth": 5,
  "card_baseline": 5,
  "card_font": {
    "family": "Comic Sans MS",
    "size": 14
  },
  "card_margin": 10,
  "card_text_height_ratio": 0.85,
  "card_underline_depth": 1,
  "card_underline_skip_height": -4.0,
  "cartouche_text_height_ratio": 0.85,
  "dash_width": 4,
  "df_text_height_ratio": 1.0,
  "entity_attribute_font": {
    "family": "Arial Black",
    "size": 14
  },
  "entity_cartouche_font": {
    "family": "Arial Black",
    "size": 14
  },
  "inner_stroke_depth": 0.5,
  "label_font": {
    "family": "Comic Sans MS",
    "size": 14
  },
  "leg_stroke_depth": 2,
  "line_skip_height": 2,
  "margin": 20,
  "note_baseline": 24,
  "note_font": {
    "family": "Arial Black",
    "size": 16
  },
  "note_overlay_height": 40,
  "rect_margin_height": 9,
  "rect_margin_width": 14,
  "round_corner_radius": 30,
  "round_rect_margin_height": 10,
  "round_rect_margin_width": 14,
  "underline_depth": 2,
  "underline_skip_height": -5.0
}
