{
  "extension": "_debug.md",
  "highlight": "markdown",
  "compose_association_attribute": "| {this_relation_name} | {label} | `association_attribute` | {adjacent_source} | {outer_source} |\n",
  "compose_deleted_child_attribute": "| {this_relation_name} | {label} | `deleted_child_attribute` | {adjacent_source} | {outer_source} |\n",
  "compose_deleted_child_discriminant_": "| {this_relation_name} | {label} | `deleted_child_discriminant_` | {adjacent_source} | {outer_source} |\n",
  "compose_deleted_child_discriminant_T": "| {this_relation_name} | {label} | `deleted_child_discriminant_T` | {adjacent_source} | {outer_source} |\n",
  "compose_deleted_child_discriminant_X": "| {this_relation_name} | {label} | `deleted_child_discriminant_X` | {adjacent_source} | {outer_source} |\n",
  "compose_deleted_child_discriminant_XT": "| {this_relation_name} | {label} | `deleted_child_discriminant_XT` | {adjacent_source} | {outer_source} |\n",
  "compose_deleted_child_entity_name": "| {this_relation_name} | {label} | `deleted_child_entity_name` | {adjacent_source} | {outer_source} |\n",
  "compose_deleted_child_foreign_key": "| {this_relation_name} | {label} | `deleted_child_foreign_key` | {adjacent_source} | {outer_source} |\n",
  "compose_deleted_parent_attribute": "| {this_relation_name} | {label} | `deleted_parent_attribute` | {adjacent_source} | {outer_source} |\n",
  "compose_deleted_parent_foreign_key": "| {this_relation_name} | {label} | `deleted_parent_foreign_key` | {adjacent_source} | {outer_source} |\n",
  "compose_deleted_parent_primary_key": "| {this_relation_name} | {label} | `deleted_parent_primary_key` | {adjacent_source} | {outer_source} |\n",
  "compose_demoted_foreign_key": "| {this_relation_name} | {label} | `demoted_foreign_key` | {adjacent_source} | {outer_source} |\n",
  "compose_foreign_key": "| {this_relation_name} | {label} | `foreign_key` | {adjacent_source} | {outer_source} |\n",
  "compose_normal_attribute": "| {this_relation_name} | {label} | `normal_attribute` | {adjacent_source} | {outer_source} |\n",
  "compose_outer_attribute": "| {this_relation_name} | {label} | `outer_attribute` | {adjacent_source} | {outer_source} |\n",
  "compose_parent_primary_key": "| {this_relation_name} | {label} | `parent_primary_key` | {adjacent_source} | {outer_source} |\n",
  "compose_primary_foreign_key": "| {this_relation_name} | {label} | `primary_foreign_key` | {adjacent_source} | {outer_source} |\n",
  "compose_primary_key": "| {this_relation_name} | {label} | `primary_key` | {adjacent_source} | {outer_source} |\n",
  "compose_strengthening_primary_key": "| {this_relation_name} | {label} | `strengthening_primary_key` | {adjacent_source} | {outer_source} |\n",
  "compose_unsourced_foreign_key": "| {this_relation_name} | {label} | `unsourced_foreign_key` | {adjacent_source} | {outer_source} |\n",
  "compose_unsourced_primary_foreign_key": "| {this_relation_name} | {label} | `unsourced_primary_foreign_key` | {adjacent_source} | {outer_source} |\n",
  "column_separator": "",
  "compose_relation": "{columns}",
  "relation_separator": "",
  "compose_relational_schema": "| Relation | Attribute | `nature` | `adjacent_source` | `outer_source` |\n|---|---|---|---|---|\n{relations}"
}