{
  "extension": ".json",
  "highlight": "json",
  "compose_primary_key": "{{\n          \"attribute\": \"{attribute}\",\n          \"raw_label\": \"{raw_label}\",\n          \"raw_label_lowercase\": \"{raw_label_lowercase}\",\n          \"raw_label_uppercase\": \"{raw_label_uppercase}\",\n          \"raw_label_titlecase\": \"{raw_label_titlecase}\",\n          \"disambiguation_number\": MOCODO_REPLACE_{disambiguation_number},\n          \"label\": \"{label}\",\n          \"label_lowercase\": \"{label_lowercase}\",\n          \"label_uppercase\": \"{label_uppercase}\",\n          \"label_titlecase\": \"{label_titlecase}\",\n          \"primary\": MOCODO_REPLACE_{primary},\n          \"nature\": \"{nature}\",\n          \"data_type\": MOCODO_REPLACE_\"{data_type}\",\n          \"association_name\": MOCODO_REPLACE_\"{association_name}\",\n          \"association_name_lower_case\": MOCODO_REPLACE_\"{association_name_lowercase}\",\n          \"association_name_uppercase\": MOCODO_REPLACE_\"{association_name_uppercase}\",\n          \"association_name_titlecase\": MOCODO_REPLACE_\"{association_name_titlecase}\",\n          \"leg_note\": MOCODO_REPLACE_\"{leg_note}\",\n          \"outer_source\": MOCODO_REPLACE_\"{outer_source}\",\n          \"outer_source_lowercase\": MOCODO_REPLACE_\"{outer_source_lowercase}\",\n          \"outer_source_uppercase\": MOCODO_REPLACE_\"{outer_source_uppercase}\",\n          \"outer_source_titlecase\": MOCODO_REPLACE_\"{outer_source_titlecase}\"\n        }}",
  "compose_normal_attribute": "{{\n          \"attribute\": \"{attribute}\",\n          \"raw_label\": \"{raw_label}\",\n          \"raw_label_lowercase\": \"{raw_label_lowercase}\",\n          \"raw_label_uppercase\": \"{raw_label_uppercase}\",\n          \"raw_label_titlecase\": \"{raw_label_titlecase}\",\n          \"disambiguation_number\": MOCODO_REPLACE_{disambiguation_number},\n          \"label\": \"{label}\",\n          \"label_lowercase\": \"{label_lowercase}\",\n          \"label_uppercase\": \"{label_uppercase}\",\n          \"label_titlecase\": \"{label_titlecase}\",\n          \"primary\": MOCODO_REPLACE_{primary},\n          \"nature\": \"{nature}\",\n          \"data_type\": MOCODO_REPLACE_\"{data_type}\",\n          \"association_name\": MOCODO_REPLACE_\"{association_name}\",\n          \"association_name_lower_case\": MOCODO_REPLACE_\"{association_name_lowercase}\",\n          \"association_name_uppercase\": MOCODO_REPLACE_\"{association_name_uppercase}\",\n          \"association_name_titlecase\": MOCODO_REPLACE_\"{association_name_titlecase}\",\n          \"leg_note\": MOCODO_REPLACE_\"{leg_note}\",\n          \"outer_source\": MOCODO_REPLACE_\"{outer_source}\",\n          \"outer_source_lowercase\": MOCODO_REPLACE_\"{outer_source_lowercase}\",\n          \"outer_source_uppercase\": MOCODO_REPLACE_\"{outer_source_uppercase}\",\n          \"outer_source_titlecase\": MOCODO_REPLACE_\"{outer_source_titlecase}\"\n        }}",
  "compose_foreign_key": "{{\n          \"attribute\": \"{attribute}\",\n          \"raw_label\": \"{raw_label}\",\n          \"raw_label_lowercase\": \"{raw_label_lowercase}\",\n          \"raw_label_uppercase\": \"{raw_label_uppercase}\",\n          \"raw_label_titlecase\": \"{raw_label_titlecase}\",\n          \"disambiguation_number\": MOCODO_REPLACE_{disambiguation_number},\n          \"label\": \"{label}\",\n          \"label_lowercase\": \"{label_lowercase}\",\n          \"label_uppercase\": \"{label_uppercase}\",\n          \"label_titlecase\": \"{label_titlecase}\",\n          \"primary\": MOCODO_REPLACE_{primary},\n          \"nature\": \"{nature}\",\n          \"data_type\": MOCODO_REPLACE_\"{data_type}\",\n          \"association_name\": MOCODO_REPLACE_\"{association_name}\",\n          \"association_name_lower_case\": MOCODO_REPLACE_\"{association_name_lowercase}\",\n          \"association_name_uppercase\": MOCODO_REPLACE_\"{association_name_uppercase}\",\n          \"association_name_titlecase\": MOCODO_REPLACE_\"{association_name_titlecase}\",\n          \"leg_note\": MOCODO_REPLACE_\"{leg_note}\",\n          \"outer_source\": MOCODO_REPLACE_\"{outer_source}\",\n          \"outer_source_lowercase\": MOCODO_REPLACE_\"{outer_source_lowercase}\",\n          \"outer_source_uppercase\": MOCODO_REPLACE_\"{outer_source_uppercase}\",\n          \"outer_source_titlecase\": MOCODO_REPLACE_\"{outer_source_titlecase}\"\n        }}",
  "compose_primary_foreign_key": "{{\n          \"attribute\": \"{attribute}\",\n          \"raw_label\": \"{raw_label}\",\n          \"raw_label_lowercase\": \"{raw_label_lowercase}\",\n          \"raw_label_uppercase\": \"{raw_label_uppercase}\",\n          \"raw_label_titlecase\": \"{raw_label_titlecase}\",\n          \"disambiguation_number\": MOCODO_REPLACE_{disambiguation_number},\n          \"label\": \"{label}\",\n          \"label_lowercase\": \"{label_lowercase}\",\n          \"label_uppercase\": \"{label_uppercase}\",\n          \"label_titlecase\": \"{label_titlecase}\",\n          \"primary\": MOCODO_REPLACE_{primary},\n          \"nature\": \"{nature}\",\n          \"data_type\": MOCODO_REPLACE_\"{data_type}\",\n          \"association_name\": MOCODO_REPLACE_\"{association_name}\",\n          \"association_name_lower_case\": MOCODO_REPLACE_\"{association_name_lowercase}\",\n          \"association_name_uppercase\": MOCODO_REPLACE_\"{association_name_uppercase}\",\n          \"association_name_titlecase\": MOCODO_REPLACE_\"{association_name_titlecase}\",\n          \"leg_note\": MOCODO_REPLACE_\"{leg_note}\",\n          \"outer_source\": MOCODO_REPLACE_\"{outer_source}\",\n          \"outer_source_lowercase\": MOCODO_REPLACE_\"{outer_source_lowercase}\",\n          \"outer_source_uppercase\": MOCODO_REPLACE_\"{outer_source_uppercase}\",\n          \"outer_source_titlecase\": MOCODO_REPLACE_\"{outer_source_titlecase}\"\n        }}",
  "column_separator": ",\n        ",
  "compose_relation": "{{\n      \"this_relation_name\": \"{this_relation_name}\",\n      \"this_relation_name_lowercase\": \"{this_relation_name_lowercase}\",\n      \"this_relation_name_uppercase\": \"{this_relation_name_uppercase}\",\n      \"this_relation_name_titlecase\": \"{this_relation_name_titlecase}\",\n      \"is_forced\": \"{is_forced}\",\n      \"columns\": [\n        {columns}\n      ]\n    }}",
  "relation_separator": ",\n    ",
  "compose_deleted_relation": "\"{this_relation_name}\"",
  "deleted_relation_separator": ", ",
  "compose_deleted_relations": ",\n  \"deleted_relations\": [{deleted_relation_lines}]",
  "compose_relational_schema": "{{\n  \"title\": \"{title}\",\n  \"title_lowercase\": \"{title_lowercase}\",\n  \"title_uppercase\": \"{title_uppercase}\",\n  \"title_titlecase\": \"{title_titlecase}\"{deleted_relations},\n  \"relations\": [\n    {relations}\n  ]\n}}",
  "transform_relational_schema": [
    {
      "order": 100,
      "search": "MOCODO_REPLACE_True",
      "replace": "true"
    },
    {
      "order": 200,
      "search": "MOCODO_REPLACE_False",
      "replace": "false"
    },
    {
      "order": 300,
      "search": "MOCODO_REPLACE_None",
      "replace": "null"
    },
    {
      "order": 400,
      "search": "MOCODO_REPLACE_\"None\"",
      "replace": "null"
    },
    {
      "order": 500,
      "search": "MOCODO_REPLACE_",
      "replace": ""
    }
  ]
}