{
  "extension": "_verbose.md",
  "highlight": "markdown",
  "compose_association_attribute": "{label}<item>Le champ _{label}_ était déjà un simple attribut de l'association _{this_relation_name}_.</item>",
  "compose_deleted_child_attribute": "{label}<item>Le champ _{label}_ a migré à partir de l'entité-fille _{adjacent_source}_ (supprimée).</item>",
  "compose_deleted_child_discriminant_": "{label}<item>Un champ entier _{label}_ est ajouté pour indiquer la nature de la spécialisation. Il est interprété comme un code binaire : bit 1 pour la première entité-fille, bit 2 pour la deuxième, etc. Peut être vide, du fait de l'absence de contrainte de totalité.</item>",
  "compose_deleted_child_discriminant_T": "{label}<item>Un champ entier _{label}_ est ajouté pour indiquer la nature de la spécialisation. Il est interprété comme un code binaire : bit 1 pour la première entité-fille, bit 2 pour la deuxième, etc. Jamais vide, du fait de la contrainte de totalité.</item>",
  "compose_deleted_child_discriminant_X": "{label}<item>Un champ entier _{label}_ est ajouté pour indiquer la nature de la spécialisation : 1 pour la première entité-fille, 2 pour la deuxième, etc. Peut être vide, du fait de l'absence de contrainte de totalité.</item>",
  "compose_deleted_child_discriminant_XT": "{label}<item>Un champ entier _{label}_ est ajouté pour indiquer la nature de la spécialisation : 1 pour la première entité-fille, 2 pour la deuxième, etc. Jamais vide, du fait de la contrainte de totalité.</item>",
  "compose_deleted_child_entity_name": "{label}<item>Un champ booléen _{label}_ est ajouté pour indiquer si on a affaire ou pas à la spécialisation de même nom.</item>",
  "compose_deleted_child_foreign_key": "_#{label}_<item>Le champ _{label}_ est une clé étrangère. Il a migré à partir de l'entité-fille _{adjacent_source}_ (supprimée) dans laquelle il avait déjà migré à partir de l'entité _{outer_source}_.</item>",
  "compose_deleted_parent_attribute": "{label}<item>Le champ _{label}_ est un simple attribut. Il était simple attribut de l'entité-mère _{adjacent_source}_ (supprimée).</item>",
  "compose_deleted_parent_discriminant_": "{label}<item>Un champ entier _{label}_ est ajouté pour indiquer la nature de la spécialisation. Il est interprété comme un code binaire : bit 1 pour la première entité-fille, bit 2 pour la deuxième, etc. Peut être vide, du fait de l'absence de contrainte de totalité.</item>",
  "compose_deleted_parent_discriminant_T": "{label}<item>Un champ entier _{label}_ est ajouté pour indiquer la nature de la spécialisation. Il est interprété comme un code binaire : bit 1 pour la première entité-fille, bit 2 pour la deuxième, etc. Jamais vide, du fait de la contrainte de totalité.</item>",
  "compose_deleted_parent_discriminant_X": "{label}<item>Un champ entier _{label}_ est ajouté pour indiquer la nature de la spécialisation : 1 pour la première entité-fille, 2 pour la deuxième, etc. Peut être vide, du fait de l'absence de contrainte de totalité.</item>",
  "compose_deleted_parent_discriminant_XT": "{label}<item>Un champ entier _{label}_ est ajouté pour indiquer la nature de la spécialisation : 1 pour la première entité-fille, 2 pour la deuxième, etc. Jamais vide, du fait de la contrainte de totalité.</item>",
  "compose_deleted_parent_foreign_key": "_#{label}_<item>Le champ _{label}_ est une clé étrangère. Il a migré à travers l'entité-mère _{adjacent_source}_ (supprimée), et réfère maintenant directement à l'entité _{outer_source}_.</item>",
  "compose_deleted_parent_primary_key": "<ins>{label}</ins><item>Le champ _{label}_ fait partie de la clé primaire de la table<primary></primary>. Il était clé primaire de l'entité-mère _{adjacent_source}_ (supprimée).</item>",
  "compose_demoted_foreign_key": "_#{label}_<item>Le champ _{label}_ est une clé étrangère issue de l'entité _{outer_source}_. Il devrait normalement faire partie de l'identifiant de _{this_relation_name}_, mais a été rétrogradé explicitement au rang de simple attribut.</item>",
  "compose_foreign_key": "_#{label}_<item>Le champ _{label}_ est une clé étrangère. Il a migré par l'association de dépendance fonctionnelle _{association_name}_ à partir de l'entité _{outer_source}_ en perdant son caractère identifiant.</item>",
  "compose_normal_attribute": "{label}<item>Le champ _{label}_ était déjà un simple attribut de l'entité _{this_relation_name}_.</item>",
  "compose_outer_attribute": "{label}<item>Le champ _{label}_ a migré à partir de l'association de dépendance fonctionnelle _{association_name}_.</item>",
  "compose_parent_primary_key": "<ins>#{label}</ins><item>Le champ _{label}_ fait partie de la clé primaire de la table<primary></primary>. C'est une clé étrangère qui a migré à partir de l'entité-mère _{outer_source}_.</item>",
  "compose_primary_foreign_key": "<ins>_#{label}_</ins><item>Le champ _{label}_ fait partie de la clé primaire de la table<primary></primary>. C'est une clé étrangère qui a migré directement à partir de l'entité _{outer_source}_.</item>",
  "compose_primary_key": "<ins>{label}</ins><item>Le champ _{label}_ fait partie de la clé primaire de la table<primary></primary>. C'était déjà un identifiant de l'entité _{this_relation_name}_.</item>",
  "compose_stopped_foreign_key": "_#{label}_<item>Le champ _{label}_ est une clé étrangère. Il a migré directement de l'entité _{outer_source}_ en perdant son caractère identifiant.</item>",
  "compose_strengthening_primary_key": "<ins>_#{label}_</ins><item>Le champ _{label}_ fait partie de la clé primaire de la table<primary></primary>. Il a migré à partir de l'entité _{outer_source}_ pour renforcer l'identifiant.</item>",
  "compose_unsourced_foreign_key": "{label}<item>Le champ _{label}_ a migré par l'association de dépendance fonctionnelle _{association_name}_ à partir de l'entité _{adjacent_source}_ (supprimée). **Attention** : aucune contrainte d'intégrité référentielle n'est plus assurée.</item>",
  "compose_unsourced_primary_foreign_key": "<ins>{label}</ins><item>Le champ _{label}_ fait partie de la clé primaire de la table<primary></primary>. Il a migré par l'association de dépendance fonctionnelle _{association_name}_ à partir de l'entité _{adjacent_source}_ (supprimée). **Attention** : aucune contrainte d'intégrité référentielle n'est plus assurée.</item>",
  "compose_deleted_child_naturalized_foreign_key": "_#{label}_<item>Le champ _{label}_ a migré à travers l'entité-fille _{adjacent_source}_ (supprimée) dans laquelle il avait déjà migré à partir de l'entité _{outer_source}_ (également supprimée).</item>",
  "compose_deleted_parent_naturalized_foreign_key": "_#{label}_<item>Le champ _{label}_ a migré à travers l'entité-mère _{adjacent_source}_ (supprimée) dans laquelle il avait déjà migré à partir de l'entité _{outer_source}_ (également supprimée).</item>",
  "compose_demoted_naturalized_foreign_key": "_#{label}_<item>Le champ _{label}_ est un simple attribut. Sa table d'origine, _{outer_source}_, ayant été supprimée, il n'est pas considéré comme clé étrangère. Il devrait normalement faire partie de l'identifiant de _{this_relation_name}_, mais a été rétrogradé explicitement au rang de simple attribut.</item>",
  "compose_naturalized_foreign_key": "_#{label}_<item>Le champ _{label}_ a migré par l'association de dépendance fonctionnelle _{association_name}_ à partir de l'entité _{outer_source}_ en perdant son caractère identifiant. De plus, comme la table créée à partir de cette entité a été supprimée, il n'est pas considéré comme clé étrangère.</item>",
  "compose_primary_naturalized_foreign_key": "<ins>_#{label}_</ins><item>Le champ _{label}_ fait partie de la clé primaire de la table<primary></primary>. Sa table d'origine (_{outer_source}_) ayant été supprimée, il n'est pas considéré comme clé étrangère.</item>",
  "compose_stopped_naturalized_foreign_key": "_#{label}_<item>Le champ _{label}_ a migré directement de l'entité _{outer_source}_ en perdant son caractère identifiant. La table correspondante ayant été supprimée, il n'est pas considéré comme clé étrangère.</item>",
  "compose_unsourced_naturalized_foreign_key": "{label}<item>Le champ _{label}_ a migré par l'association de dépendance fonctionnelle _{association_name}_ à partir de l'entité _{adjacent_source}_ (supprimée). **Attention** : aucune contrainte d'intégrité référentielle n'est plus assurée.</item>",
  "compose_unsourced_primary_naturalized_foreign_key": "<ins>{label}</ins><item>Le champ _{label}_ fait partie de la clé primaire de la table<primary></primary>. Il a migré par l'association de dépendance fonctionnelle _{association_name}_ à partir de l'entité _{adjacent_source}_ (supprimée). **Attention** : aucune contrainte d'intégrité référentielle n'est plus assurée.</item>",  
  "compose_relation": "**{this_relation_name}** ({columns})  ",
  "compose_deleted_relation": "La table _{this_relation_name}_ a été supprimée car elle était réduite à la clé primaire de son entité d'origine. Pour empêcher cette supression, préfixez d'un « + » le nom de l'entité.",
  "compose_deleted_relations": "\n---\n\n**NB.** {deleted_relation_lines}",
  "compose_relational_schema": "{relations}{deleted_relations}",
  "transform_forced_relation": [
    {
      "order": 100,
      "search": "(?s)(.+)$",
      "replace": "\\1\n- **Avertissement.**  Table résultant de la conversion forcée d'une association DF."
    }
  ],
  "transform_relation": [
    {
      "order": 100,
      "search": "(?s)<item>(.+?)</item>(.+)",
      "replace": "\\2\n- \\1  ",
      "iterated": true
    },
    {
      "order": 200,
      "search": "(- Le champ )(.+?)( était déjà un simple attribut de .+?.)\n\\1(.+?)\\3",
      "replace": "\\1\\2, \\4\\3",
      "iterated": true
    },
    {
      "order": 300,
      "search": "- Le champ (.+), (.+?) était déjà un simple attribut( de .+?.)",
      "replace": "- Les champs \\1 et \\2 étaient déjà de simples attributs\\3"
    },
    {
      "order": 400,
      "search": "(- Le champ )(.+?)( est une clé étrangère\\. Il a migré à partir de l'entité .+? par l'association de dépendance fonctionnelle .+? en perdant son caractère identifiant.)\n\\1(.+?)\\3",
      "replace": "\\1\\2, \\4\\3",
      "iterated": true
    },
    {
      "order": 500,
      "search": "- Le champ (.+), (.+?) est une clé étrangère\\. Il a (migré à partir de l'entité .+? par l'association de dépendance fonctionnelle .+? en perdant) son (caractère identifiant.)",
      "replace": "- Les champs \\1 et \\2 sont des clés étrangères. Ils ont \\3 leur \\4"
    },
    {
      "order": 600,
      "search": "(- Le champ )(.+?)( fait partie de la clé primaire de la table<primary></primary>. Sa table d'origine .+?)\n\\1(.+?)\\3",
      "replace": "\\1\\2, \\4\\3",
      "iterated": true
    },
    {
      "order": 700,
      "search": "- Le champ (.+), (.+?) fait partie de la clé primaire de la table<primary></primary>. Sa table d'origine (.+?) ayant été supprimée, il n'est pas considéré comme clé étrangère.",
      "replace": "- Les champs \\1 et \\2 font partie de la clé primaire de la table<primary></primary>. Leur table d'origine \\3 ayant été supprimée, ils ne sont pas considérés comme clés étrangères."
    },
    {
      "order": 800,
      "search": "(- Le champ )(.+?)( fait partie de la clé primaire de la table<primary></primary>.+?)\n\\1(.+?)\\3",
      "replace": "\\1\\2, \\4\\3",
      "iterated": true
    },
    {
      "order": 900,
      "search": "- Le champ (.+), (.+?) fait partie de la clé primaire de la table<primary></primary>. C'est une clé étrangère qui a (migré directement à partir de l'entité .+?)",
      "replace": "- Les champs \\1 et \\2 font partie de la clé primaire de la table<primary></primary>. Ce sont des clés étrangères qui ont \\3"
    },
    {
      "order": 1000,
      "search": "- Le champ (.+), (.+?) fait partie de la clé primaire de la table<primary></primary>. C'était déjà un identifiant (de l'entité .+?)",
      "replace": "- Les champs \\1 et \\2 font partie de la clé primaire de la table<primary></primary>. C'était déjà des identifiants \\3"
    },
    {
      "order": 1100,
      "search": "- Le champ (.+), (.+?) fait partie de la clé primaire de la table<primary></primary>. Il a (migré .+?)",
      "replace": "- Les champs \\1 et \\2 font partie de la clé primaire de la table<primary></primary>. Ils ont \\3"
    },
    {
      "order": 1200,
      "search": "$",
      "replace": "<primary_count></primary_count>"
    },
    {
      "order": 1300,
      "search": "(?s)<primary></primary>(.+)</primary_count>",
      "replace": "\\1I</primary_count>",
      "iterated": true
    },
    {
      "order": 1400,
      "search": "(?s)fait partie de( la clé primaire de la table.+)<primary_count>I</primary_count>",
      "replace": "constitue\\1"
    },
    {
      "order": 1500,
      "search": "(?s)font partie de( la clé primaire de la table.+)<primary_count>I</primary_count>",
      "replace": "constituent\\1"
    },
    {
      "order": 1600,
      "search": "<primary_count>I+</primary_count>",
      "replace": ""
    },
    {
      "order": 1700,
      "search": "(?s)</div>(\n- .+)",
      "replace": "  <ul>\\1\n  </ul></details>\n</div>"
    },
    {
      "order": 1800,
      "search": "$",
      "replace": "\n"
    }
    ],
  "transform_relational_schema": [
    {
      "order": 100,
      "search": "(La table )(.+?)( a été supprimée .+)\\1(.+?)\\3",
      "replace": "\\1\\2, \\4\\3",
      "iterated": true
    },
    {
      "order": 200,
      "search": "La table (.+), (.+?) a été supprimée .+",
      "replace": "Les tables \\1 et \\2 ont été supprimées car elles étaient réduites à la clé primaire de leur entité d'origine."
    },
    {
      "order": 300,
      "search": "\\s+$",
      "replace": ""
    }
  ]
}