{
  "extension": "_data_dict.md",
  "highlight": "markdown",
  "compose_primary_key": "| {label} | _{data_type}_ |\n",
  "compose_normal_attribute": "| {label} | _{data_type}_ |\n",
  "compose_foreign_key": "",
  "compose_outer_attribute": "| {label} | _{data_type}_ |\n",
  "compose_primary_foreign_key": "",
  "column_separator": "",
  "compose_relation": "{columns}",
  "relation_separator": "",
  "compose_relational_schema": "| Attribut | Informations |\n|----------|-------------|\n{relations}",
  "transform_relational_schema": [
    {
      "order": 100,
      "search": "\\|  *(\\.\\d+)? \\|.+\n",
      "replace": ""
    },
    {
      "order": 200,
      "search": "(?s)\\| Attribut \\| Informations \\|\n\\|----------\\|-------------\\|\n(.+ \\| _None_ \\|\n)",
      "replace": "\\1"
    },
    {
      "order": 300,
      "search": "(\\| .+ \\| _None_ \\|\n)((?:.+\n)*)\\| (.+) \\| (.+) \\|\n",
      "replace": "\\1\\2- \\3 : \\4\n",
      "iterated": true
    },
    {
      "order": 400,
      "search": "\\| (.+) \\| (.+) \\|\n((?:.+\n)*)(\\| .+ \\| _None_ \\|\n)",
      "replace": "- \\1 : \\2\n\\3\\4",
      "iterated": true
    },
    {
      "order": 500,
      "search": "\\| (.+) \\| _None_ \\|\n",
      "replace": "- \\1\n"
    },
    {
      "order": 600,
      "search": "- (.+) : _None_\n",
      "replace": "- \\1\n"
    },
    {
      "order": 700,
      "search": "\n+$",
      "replace": ""
    }
  ]
}