{
  "extension": "_oracle.sql",
  "highlight": "sql",
  "transform_attribute": [
    {
      "order": 100,
      "search": " ",
      "replace": "_"
    },
    {
      "order": 200,
      "search": "\\.",
      "replace": ""
    }
  ],
  "compose_label_disambiguated_by_number": "{label}_{disambiguation_number}",
  "transform_title": [
    {
      "order": 100,
      "search": " ",
      "replace": "_"
    },
    {
      "order": 200,
      "search": "\\.",
      "replace": ""
    }
  ],
  "transform_relation_name": [
    {
      "order": 100,
      "search": " ",
      "replace": "_"
    },
    {
      "order": 200,
      "search": "\\.",
      "replace": ""
    }
  ],
  "compose_primary_key": "\"{label_lowercase}\" {data_type},\nADD_PRIMARY_KEY \"{label_lowercase}\"",
  "compose_normal_attribute": "\"{label_lowercase}\" {data_type}",
  "compose_foreign_key": "\"{label_lowercase}\" {data_type},\nADD_FOREIGN_KEY (\"{label_lowercase}\") REFERENCES \"{outer_source_uppercase}\" (\"{raw_label_lowercase}\")",
  "compose_primary_foreign_key": "\"{label_lowercase}\" {data_type},\nADD_PRIMARY_KEY \"{label_lowercase}\",\nADD_FOREIGN_KEY (\"{label_lowercase}\") REFERENCES \"{outer_source_uppercase}\" (\"{raw_label_lowercase}\")",
  "column_separator": ",\n  ",
  "compose_relation": "CREATE TABLE \"{this_relation_name_uppercase}\" (\n  {columns},\n  PRIMARY KEY (),\n);",
  "transform_relation": [
    {
      "order": 100,
      "comment": "Replace the missing data types with an arbitrary default.",
      "search": " None,\n",
      "replace": " VARCHAR(42),\n"
    },
    {
      "order": 200,
      "comment": "Replace the boolean data type placeholders.",
      "search": " BOOLEAN,\n",
      "replace": " NUMBER(1) DEFAULT 0 NOT NULL,\n"
    },
    {
      "order": 300,
      "comment": "Replace the integer type placeholders.",
      "search": " INTEGER UNSIGNED NOT NULL,\n",
      "replace": " NUMBER(1) UNSIGNED NOT NULL,\n"
    },
    {
      "order": 400,
      "comment": "Replace the integer type placeholders.",
      "search": " INTEGER UNSIGNED,\n",
      "replace": " NUMBER(1) UNSIGNED,\n"
    },
    {
      "order": 500,
      "comment": "Concatenate the primary keys and move them to the end of the table.",
      "search": "(?sm)ADD_PRIMARY_KEY ([^\n]+)\n(.+?PRIMARY KEY[^\n]+?)\\)",
      "replace": "\\2\\1 )",
      "iterated": true
    },
    {
      "order": 600,
      "search": ", \\)",
      "replace": ")"
    },
    {
      "order": 700,
      "comment": "Move the foreign keys to the end of the table.",
      "search": "(?sm)ADD_FOREIGN_KEY ([^\n]+)\n(.+)^\\)",
      "replace": "\\2  FOREIGN KEY \\1\n)",
      "iterated": true
    },
    {
      "order": 800,
      "comment": "Prefix any 'FOREIGN KEY fk1 REFERENCES T (fk1) \n FOREIGN KEY fk2 REFERENCES T (fk2)' with 'FOREIGN KEY (fk1, fk2) REFERENCES T (fk1, fk2)'",
      "search": "FOREIGN KEY \\((.+?)\\) REFERENCES (.+?) \\((.+?)\\),\n((?:.+\n)*?)  FOREIGN KEY \\((.+?)\\) REFERENCES \\2 \\((.+?)\\),\n",
      "replace": "FOREIGN KEY (\\1, \\5) REFERENCES \\2 (\\3, \\6),\n- FOREIGN KEY (\\1) REFERENCES \\2 (\\3),\n- FOREIGN KEY (\\5) REFERENCES \\2 (\\6),\n\\4",
      "iterated": true
    },
    {
      "order": 900,
      "comment": "Prefix any FOREIGN KEY with a minus sign = mark it as unprotected.",
      "search": "(?m)^  FOREIGN KEY",
      "replace": "- FOREIGN KEY"
    }
  ],
  "relation_separator": "\n\n",
  "compose_relational_schema": "{relations}\n",
  "transform_relational_schema": [
    {
      "order": 100,
      "comment": "Suppress the minus sign before any FOREIGN KEY line which references an actual PRIMARY KEY declared before this line.",
      "search": "(?m)^(CREATE TABLE (.+) \\(\n((?:.+\n)*)^  PRIMARY KEY (.+),\n((?:.*\n)*))-( FOREIGN KEY .+ REFERENCES \\2 \\4,)",
      "replace": "\\1 \\6",
      "iterated": true
    },
    {
      "order": 200,
      "comment": "Suppress the minus sign before any FOREIGN KEY line which references an actual PRIMARY KEY declared after this line = protect it.",
      "search": "(?m)^-( FOREIGN KEY .+ REFERENCES ([^\\(]+?) (.+),\n(?:.*\n)*CREATE TABLE \\2 \\(\n(?:.+\n)*^  PRIMARY KEY \\3,\n)",
      "replace": " \\1",
      "iterated": true
    },
    {
      "order": 300,
      "comment": "Suppress any unprotected line = still starting with a minus sign.",
      "search": "(?m)^-.+\n",
      "replace": ""
    },
    {
      "order": 400,
      "comment": "Move all foreign keys constraints at the end of the document",
      "search": "(?sm)(CREATE TABLE ([^\n]+) \\(\n(?:[^\n]+\n)*)  (FOREIGN KEY[^\n]+),\n(.*)",
      "replace": "\\1\\4\nALTER TABLE \\2 ADD \\3;",
      "iterated": true
    },
    {
      "order": 500,
      "comment": "Comment out foreign keys referencing commented tables.",
      "search": "(?sm)(/\\*\nCREATE TABLE (.+?) \\(\n.*)(^ALTER TABLE [^\n]+ REFERENCES \\2)",
      "replace": "\\1-- \\3",
      "iterated": true
    },
    {
      "order": 600,
      "search": ",\n\\)",
      "replace": "\n)"
    },
    {
      "order": 700,
      "search": "\n+$",
      "replace": ""
    }
  ]
}